timestamp,avg,qty
1574983500,963722,37
1574986200,978206,18
1574986500,963722,37
1574987700,978206,18
1574994300,980177,20
1574996400,981078,22
1574997900,985132,8
1575000000,1000000,1
1575023700,1027768,1
1575025200,1012884,2
1575025500,1027768,1
1575026100,1012884,2
1575026400,1027768,1
1575027000,1012884,2
1575027300,998000,1
1575045300,1050000,2
1575058500,983334,6
1575062400,983593,39
1575071700,990000,1
1575081600,983045,152
1575081900,990000,1
1575082500,983045,152
1575088500,990000,1
1575128400,990500,2
1575129600,993333,3
1575129900,995000,2
1575132000,999000,1
1575132300,1000000,1
1575132900,999000,1
1575133200,1000000,1
1575134400,982996,84
1575135900,982792,83
1575136200,982996,84
1575136800,982792,83
1575146100,963406,15
1575146700,962569,16
1575147300,963406,15
1575147900,958747,23
1575149700,960307,20
1575150000,958747,23
1575150300,960307,20
1575150600,958800,12
1575150900,960307,20
1575151200,958800,12
1575151800,967590,6
1575173700,984529,5
1575176100,985214,3
1575176700,984529,5
1575189000,998000,1
1575216900,990191,2
1575218700,993820,4
1575219300,990191,2
1575219600,993820,4
1575219900,982486,6
1575220200,993820,4
1575220500,977938,18
1575221400,975500,16
1575223200,975533,15
1575223800,975500,16
1575224100,975533,15
1575224400,975005,1
1575224700,975533,15
1575225000,975005,1
1575268200,980195,9
1575270300,978123,15
1575272100,975015,7
1575282600,1031044,1
1575297600,981947,1
1575313200,982086,20
1575314100,980071,28
1575314400,982086,20
1575315000,978951,36
1575315300,980071,28
1575315600,978951,36
1575315900,975032,20
1575320400,984390,6
1575321000,982059,8
1575321300,984390,6
1575321600,982059,8
1575321900,984390,6
1575322200,982059,8
1575322800,977731,21
1575324600,975068,16
1575339600,990680,1
1575364200,990873,12
1575377700,1150000,1
1575390000,1125000,1
1575391800,1081666,3
1575393600,1021601,5
1575395400,996002,3
1575410400,995000,1
1575411900,997500,2
1575414000,1000000,1
1575420900,993001,97
1575450000,984905,3
1575452100,979470,6
1575453600,974035,3
1575456600,971507,2
1575471900,971881,14
1575472500,985415,41
1575473400,971881,14
1575473700,985762,42
1575474000,985415,41
1575474300,985762,42
1575475500,993277,27
1575475800,985762,42
1575476100,993277,27
1575477600,989611,1
1575489900,984669,1
1575504300,975211,7
1575519600,993877,4
1575520200,993536,5
1575523500,1000000,2
1575543000,994169,7
1575585900,994191,8
1575589500,1004235,8
1575590100,1010261,5
1575590400,1004235,8
1575590700,1020975,3
1575594900,994191,10
1575596400,994752,11
1575597000,994706,12
1575598800,996253,3
1575600000,994194,1
1575640500,994776,1
1575646500,994281,1
1575657600,994000,1
1575658500,994516,3
1575658800,994000,1
1575659400,994516,3
1575666900,987203,1
1575674400,994775,2
1575674700,994450,30
1575675300,994775,2
1575675900,994450,30
1575676800,994460,31
1575677100,994450,30
1575677700,994460,31
1575678000,989893,2
1575678300,994776,1
1575679200,989893,2
1575679800,994776,1
1575724500,998744,1
1575738600,990981,11
1575738900,990205,12
1575739500,990981,11
1575739800,990205,12
1575746100,998744,1
1575753300,992594,13
1575762900,992830,26
1575764700,993033,14
1575765600,992978,16
1575765900,993033,14
1575766500,992594,5
1575810600,998590,3
1575838200,995782,3
1575853200,999000,1
1575912900,1009025,4
1575915600,1007220,5
1575915900,1009025,4
1575916800,1007220,5
1575917400,1000000,1
1575922200,996573,2
1575924300,996576,18
1575926100,996577,17
1575926400,996576,18
1575926700,996577,17
1575928200,996592,1
1575952500,1046095,1
1575953700,1072247,2
1575956100,1098399,1
1575956400,1072247,2
1575957000,1098399,1
1575959700,996592,199
1575961200,996594,200
1575963000,997190,1
1575963300,996594,200
1575963600,997190,1
1575975300,991099,2
1575976500,993869,4
1575977400,992826,3
1575977700,993869,4
1575978300,996640,2
1575978600,992763,3
1575978900,996640,2
1575979200,992763,3
1575979500,996640,2
1575983700,989528,5
1575987300,996281,1
1575994500,986752,1
1575999900,987000,3
1576001400,988200,5
1576003500,990000,1
1576003800,988200,5
1576004700,990000,1
1576005900,996161,1
1576031700,987816,1
1576037100,986205,3
1576038900,985400,2
1576054200,992222,17
1576065600,996161,1
1576066800,993386,4
1576067400,989819,7
1576067700,993386,4
1576068000,989819,7
1576069200,986450,16
1576069500,989819,7
1576070100,986450,16
1576070700,985063,16
1576103700,987600,1
1576118400,1000000,3
1576124700,989371,1
1576163100,989379,1
1576185300,991573,1
1576222500,992569,1
1576230600,995000,1
1576233300,993523,2
1576233600,992047,1
1576234200,993523,2
1576234500,992047,1
1576235100,990984,5
1576235400,992047,3
1576236300,990984,5
1576236900,989980,9
1576238700,989390,5
1576253700,994796,2
1576259100,989433,121
1576260300,989441,125
1576263300,989670,4
1576263600,989441,125
1576263900,989670,4
1576269300,992040,1
1576272000,991810,20
1576272600,991798,19
1576294200,991437,1
1576305000,992047,1
1576323600,1400000,1
1576329600,993040,1
1576340400,1000000,1
1576342200,993128,79
1576344300,993054,79
1576346100,994167,1
1576349700,1040409,1
1576386000,1000000,1
1576410000,994759,2
1576422900,994754,2
1576428300,994759,1
1576468500,1000000,1
1576479000,997379,2
1576490400,820000,1
1576492200,882511,2
1576493700,945022,1
1576510800,995000,1
1576512000,997500,2
1576539000,1000000,1
1576541100,999000,2
1576542900,995850,2
1576544700,993700,1
1576546500,998000,1
1576566600,964022,14
1576584900,982583,1
1576594500,985046,1
1576606500,987813,1
1576612200,986050,5
1576617300,1000000,2
1576619700,999983,3
1576620300,1000000,2
1576620600,999983,3
1576620900,999950,1
1576621200,999983,3
1576621500,999950,1
1576631700,988043,3
1576637100,1000000,3
1576682700,990804,1
1576684800,995402,2
1576685400,1000000,1
1576685700,995402,2
1576686300,1000000,1
1576694400,981720,3
1576695000,1000000,3
1576695300,981720,3
1576695900,976007,8
1576696200,981720,3
1576696500,974408,15
1576696800,976007,8
1576697400,974192,17
1576697700,974408,15
1576698000,974192,17
1576698300,972580,14
1576698600,974192,17
1576699200,972580,9
1576703700,976651,19
1576704900,975633,28
1576705200,976651,19
1576705500,975754,31
1576705800,975633,28
1576706400,975754,31
1576706700,974928,42
1576707000,975754,31
1576707300,974928,42
1576707600,973317,29
1576707900,974928,42
1576708200,973317,29
1576708500,973243,20
1576709100,973317,29
1576709400,972600,16
1576709700,973243,20
1576710000,972600,16
1576716600,985467,1
1576718400,972773,74
1576719000,985467,1
1576719300,972758,81
1576719900,972773,74
1576720200,972600,80
1576720500,972758,81
1576720800,972600,80
1576744200,820000,9
1576758300,1077622,1
1576761900,972597,83
1576765800,972581,3
1576773000,972660,61
1576774800,974093,78
1576776600,973618,109
1576776900,973704,105
1576777800,973618,109
1576778100,973704,105
1576778400,972581,34
1576798200,976296,17
1576799100,976090,18
1576799400,976296,17
1576800000,976090,18
1576802400,972591,1
1576811100,973144,68
1576812900,974116,79
1576815000,980125,15
1576816800,980377,20
1576818300,981747,28
1576818600,981865,29
1576818900,981747,28
1576819200,981865,29
1576819500,981747,28
1576819800,981865,29
1576820400,985173,9
1576853100,1001000,2
1576854900,997759,4
1576856700,994519,2
1576867500,988044,2
1576871400,988047,1
1576873200,994023,2
1576874700,1000000,2
1576876500,1200000,2
1576880100,1000000,1
1576887600,988043,1
1576898700,1100000,1
1576914900,974913,5
1576916700,943634,32
1576918500,937842,27
1576924200,946400,14
1576935000,1000000,1
1576936800,996429,2
1576938600,992858,1
1576951500,991488,1
1576955100,953585,12
1576955400,954285,11
1576956300,953585,12
1576956900,954746,15
1576957500,962119,10
1576958100,954746,15
1576958400,962119,10
1576958700,962109,5
1576960500,980749,2
1576960800,982665,3
1576962000,980749,2
1576962300,982665,3
1576962600,980749,2
1576971600,979327,32
1576973400,978888,35
1576975200,974203,3
1576986300,980558,74
1577017500,981230,1
1577023200,986498,1
1577033700,975000,5
1577049000,974192,1
1577050200,970548,2
1577052000,959219,5
1577052300,955476,4
1577052900,959219,5
1577053200,955476,4
1577053500,959219,5
1577053800,951666,3
1577067300,997200,1
1577086500,995201,1
1577131200,1030166,1
1577187000,1029800,1
1577218500,995851,1
1577238600,960340,6
1577258700,1000000,1
1577262300,995851,1
1577277000,975000,1
1577293500,965328,6
1577306100,985001,2
1577313300,956000,1
1577320800,972808,5
1577322600,971745,8
1577324400,969974,3
1577329800,984082,49
1577331600,983801,50
1577333400,970001,1
1577375400,1045643,1
1577389800,1000000,2
1577410200,995000,1
1577411700,994500,2
1577413500,994000,1
1577431800,993176,1
1577439000,1000000,1
1577442900,1001948,1
1577471700,1045643,4
1577481300,1000000,1
1577510400,999000,1
1577521500,1000000,1
1577543400,995174,1
1577547000,1000000,1
1577579700,994840,1
1577595000,994302,6
1577596500,994379,7
1577597700,994840,1
1577610000,992352,1
1577616600,990992,53
1577616900,991091,54
1577619900,996373,1
1577620200,991091,54
1577620500,996373,26
1577635200,996372,140
1577639100,1000000,1
1577643600,996372,32
1577647200,996375,13
1577647800,996372,46
1577648100,996375,13
1577659200,996471,48
1577659500,996375,47
1577659800,996471,48
1577662200,1000999,1
1577673900,1001000,1
1577691900,999500,2
1577700000,875000,15
1577708100,995992,1
1577714700,996496,1
1577726100,996398,2
1577727600,996300,1
1577773500,1000000,1
1577795400,997000,1
1577844900,1000000,1
1577908200,996307,1
1577958000,989000,1
1578024600,1000000,1
1578030900,986816,3
1578038700,991500,1
1578059400,991580,1
1578060900,983300,2
1578064800,975020,5
1578070200,1000000,1
1578125100,998700,2
1578130800,1000000,1
1578148800,508079,1
1578149100,929419,22
1578149400,508079,1
1578149700,929419,22
1578150000,508079,1
1578150600,929419,22
1578150900,917816,28
1578152400,932991,27
1578152700,879762,8
1578153000,932991,27
1578153300,879762,8
1578153900,932991,27
1578154200,879762,8
1578165000,989150,27
1578168600,980000,1
1578170400,957692,8
1578170700,980000,1
1578171000,969900,14
1578171300,957692,8
1578171600,969900,14
1578171900,957692,8
1578172200,969900,14
1578172800,969123,13
1578173100,969900,14
1578173400,969123,13
1578174000,986177,6
1578174300,969123,13
1578174900,986177,6
1578177000,976843,56
1578177900,975952,58
1578180600,951005,5
1578181200,975952,58
1578199800,997997,1
1578218100,955954,3
1578220200,954749,4
1578221700,963074,5
1578222000,973753,2
1578222300,963074,5
1578222600,981834,3
1578223200,973753,2
1578223800,981834,3
1578224100,997184,2
1578224400,981834,3
1578224700,997997,1
1578225000,997184,2
1578225600,997997,1
1578237600,998000,1
1578245100,996388,1
1578254100,999000,2
1578260700,996390,1
1578278100,1000000,1
1578301500,996390,29
1578312600,1000000,2
1578329100,1035486,1
1578330900,1093914,2
1578333300,1152342,1
1578336600,1014000,1
1578338400,1005000,2
1578338700,1014000,1
1578339000,1005000,2
1578339900,996000,1
1578340200,1005000,2
1578341100,997665,3
1578342900,998498,2
1578344700,998998,3
1578346500,999997,1
1578400500,1000000,1
1578418500,996922,1
1578427800,996500,1
1578429600,996711,2
1578431700,996922,1
1578448200,1000000,1
1578475500,996922,1
1578543300,997435,6
1578543600,996922,6
1578543900,997435,6
1578544800,1000000,1
1578545100,997435,6
1578545700,1000000,1
1578623400,996091,1
1578651900,996016,1
1578659700,996004,1
1578674700,996091,1
1578747000,996753,1
1578752700,993775,16
1578754500,993577,23
1578767400,996753,1
1578800700,1000000,1
1578809700,1046590,1
1578811800,1022795,2
1578826800,1000000,1
1578844200,994000,1
1578864300,993955,2
1578877200,993611,1
1578888300,993815,5
1578912600,993955,1
1578938100,993700,1
1578945300,993955,1
1578963600,1000000,1
1578971100,993849,1
1579084500,1000000,1
1579218600,995174,1
1579267200,995150,32
1579309500,995181,187
1579358100,995344,1
1579387500,995098,1
1579461600,995344,1
1579478100,996000,3
1579517400,999997,2
1579540200,996211,4
1579542000,996567,5
1579543800,997995,1
1579547700,996030,2
1579576800,999997,1
1579584300,996001,3
1579620000,995998,172
1579621800,995982,178
1579623600,995543,6
1579636500,998047,2
1579680300,995770,1
1579703400,996098,1
1579766100,995770,1
1579786800,995774,1
1579915200,960997,100
1579942500,965000,8
1579979400,990000,1
1579984800,965000,17
1580012400,970000,1
1580038500,960000,1
1580066100,965000,1
1580076900,965500,2
1580078700,966000,1
1580117400,957356,2
1580119200,948712,1
1580137500,966000,1
1580162700,960121,1
1580178000,964000,3
1580183400,970018,1
1580199600,970000,2
1580221200,958063,1
1580224800,970018,1
1580235600,955668,1
1580250000,970000,1
1580296800,965005,2
1580313000,992278,2
1580320200,990556,1
1580329200,994511,107
1580331000,994506,115
1580332800,994442,8
1580338200,994500,1
1580347200,992147,7
1580349000,991370,23
1580350800,991031,16
1580367000,1018518,1
1580383500,994800,10
1580423100,994996,4
1580432100,995062,19
1580433900,995090,24
1580435700,995200,5
1580457300,1000000,1
1580473500,995452,1
1580486400,996570,1
1580488200,996011,2
1580490000,997726,2
1580491800,1000000,1
1580504400,992296,1
1580510100,995452,1
1580519100,994401,8
1580522700,991014,1
1580544600,992239,2
1580612700,999789,1
1580674800,1000000,1
1580691000,995055,4
1580775600,995126,1
1580840100,995228,100
1580849100,1080000,2
1580852700,1000000,4
1580871000,997000,1
1580905500,995300,1
1580941800,995270,1
1580943600,995308,3
1580945400,995327,12
1580954400,995330,6
1580959800,995331,13
1580961600,995335,1
1581034800,1000000,1
1581064200,988100,1
1581066000,994616,8
1581068100,995547,6
1581073800,982899,2
1581077700,928000,1
1581092700,998000,1
1581177300,998999,1
1581256500,994301,3
1581267300,994320,4
1581269400,994321,9
1581271200,994322,5
1581278400,994416,2
1581335100,994625,3
1581351900,994664,2
1581359100,997998,1
1581366300,994806,2
1581421200,995434,12
1581423300,995560,26
1581426900,995685,20
1581428700,996398,3
1581436500,997998,1
1581452700,996841,1
1581485100,997998,2
1581499800,996927,2
1581505500,994978,2
1581516600,994805,5
1581518400,994713,16
1581520200,994671,10
1581529200,994680,35
1581532800,994682,26
1581534600,994687,8
1581536400,996381,1
1581538200,994738,33
1581540000,994687,60
1581541800,994688,28
1581590400,994687,52
1581600000,946562,1
1581611100,956778,1
1581645600,996300,1
1581667200,995000,1
1581673200,963035,11
1581675000,959838,10
1581696900,988074,11
1581709500,989694,5
1581722700,1000000,3
1581723900,998117,6
1581724200,1000000,3
1581724800,998117,6
1581726600,996235,3
1581788700,1000000,1
1581794400,996442,4
1581821700,990000,1
1581856800,990182,81
1581858000,989593,86
1581858300,990182,81
1581858600,989593,86
1581858900,989377,88
1581859200,989070,91
1581859500,989377,88
1581860100,989070,91
1581860400,984714,24
1581860700,989070,91
1581861000,985940,19
1581861300,984714,24
1581861900,985940,19
1581862200,986632,17
1581862800,988039,14
1581863100,986632,17
1581863700,988039,14
1581871800,986010,5
1581872700,987009,11
1581873000,986010,5
1581873300,987009,11
1581875400,987841,6
1581875700,997000,1
1581889500,999997,1
1581946800,986181,1
1581948600,986563,9
1581950400,986765,9
1581952500,988001,1
1581963600,988070,7
1581987000,999997,1
1582041600,988280,4
1582044000,990623,5
1582045500,999999,1
1582045800,992253,3
1582046700,999999,1
1582047300,992253,3
1582047600,991587,3
1582049700,998001,1
1582050300,991587,3
1582050900,998001,1
1582051200,999000,1
1582065600,1037423,1
1582075500,998848,1
1582104600,992500,1
1582110300,991330,1
1582119000,1000000,1
1582121100,992118,11
1582121400,992054,12
1582122600,991332,11
1582124400,991353,1
1582143900,993770,1
1582147200,996399,7
1582147800,997128,8
1582152600,998001,45
1582154400,998002,47
1582155900,998010,61
1582156500,998038,16
1582169700,1000000,1
1582189800,998001,27
1582204200,993769,1
1582221000,998032,1
1582251900,999000,1
1582293000,1047581,1
1582304100,998324,1
1582307700,1029995,1
1582309500,1014497,2
1582311300,999000,1
1582314900,998707,1
1582355400,997888,1
1582360200,951001,2
1582375800,984536,25
1582376400,984487,20
1582376700,984536,25
1582379400,981503,8
1582380000,978204,10
1582380600,981503,8
1582396200,1155179,1
1582408500,994999,2
1582410900,990000,1
1582411500,994999,2
1582417500,995612,83
1582470600,1000000,2
1582548300,997243,1
1582564200,997327,9
1582566300,996628,11
1582568100,996491,10
1582597800,993000,1
1582637400,992263,1
1582643100,991546,1
1582654800,1005000,2
1582694700,998200,1
1582731600,992452,1
1582829400,1000000,1
1582853400,998000,1
1582866300,990000,1
1582923600,999995,1
1582944000,996650,18
1582947900,1000000,2
1583009100,1050000,1
1583010600,1045438,2
1583012100,997180,184
1583012700,996891,183
1583014200,996650,182
1583021400,996630,6
1583032200,997753,3
1583034000,1000000,1
1583035800,996630,42
1583048700,996690,37
1583085300,996631,142
1583097900,1000000,1
1583103300,997755,1
1583132400,996678,3
1583141400,996838,47
1583143500,997180,15
1583144400,997096,18
1583144700,997180,15
1583145000,996678,1
1583154300,998454,2
1583167500,1045065,4
1583170800,1044997,1
1583174700,1025000,1
1583178300,998000,1
1583178600,1011500,2
1583179500,998000,1
1583190000,997000,1
1583191500,997004,27
1583191800,997000,18
1583192400,997004,27
1583194500,997010,12
1583194800,999750,4
1583195100,997010,12
1583195400,999750,4
1583196000,1008000,1
1583196300,999750,4
1583196600,1008000,1
1583198400,997000,26
1583231100,996800,1
1583242200,1000000,1
1583244000,998920,2
1583245800,997840,1
1583246100,998920,2
1583247000,997840,1
1583253000,997153,21
1583276100,997843,5
1583287800,1000000,1
1583308200,999000,1
1583343600,1000000,1
1583370900,1010000,1
1583385000,997457,1
1583409300,997555,11
1583411100,997330,12
1583412000,997555,11
1583412600,997330,12
1583412900,994850,1
1583421900,995010,2
1583434800,1000000,1
1583455200,997470,1
1583457000,1135251,2
1583458800,1273032,1
1583460600,997470,32
1583492100,998000,1
1583493900,998100,10
1583495700,998111,9
1583501400,998335,1
1583525100,1000000,1
1583757900,992002,6
1583783700,1000000,1
1583841600,992785,1
1583852400,967597,3
1583858100,920334,3
1583859900,938336,14
1583861700,965555,18
1583868900,998011,11
1583909400,998002,1
1583944200,998000,1
1584038100,994526,1
1584056100,994040,1
1584111300,1000000,1
1584133200,1043939,1
1584138900,1000000,1
1584191700,994279,1
1584206400,994420,34
1584208200,994883,12
1584210000,994890,4
1584222900,1148817,1
1584261000,994880,1
1584270300,994524,3
1584272100,994754,11
1584273900,994846,9
1584275700,994888,1
1584277500,994923,8
1584279300,994941,13
1584281100,994971,5
1584286800,995201,3
1584297900,996999,9
1584321900,998112,2
1584345600,998553,1
1584356700,1050000,1
1584360600,998112,1
1584380700,1000000,1
1584386100,998623,1
1584407700,994912,1
1584413100,995177,28
1584414900,995324,18
1584423900,994911,62
1584425700,994909,72
1584427500,994900,15
1584429600,996281,8
1584431400,998584,3
1584433200,995000,1
1584442500,998623,4
1584475500,996032,1
1584620100,1044927,1
1584623700,1001000,1
1584665700,997070,4
1584704100,997094,1
1584749700,997478,2
1584755100,960511,2
1584756900,955766,4
1584758700,983611,7
1584760500,996646,5
1584768000,955000,2
1584810300,998006,1
1584835800,990222,8
1584876000,1080087,2
1584903300,993567,2
1584906900,1000000,2
1584948900,950828,3
1584961800,984712,1
1585000200,957721,5
1585002300,960603,6
1585003800,975163,5
1585005900,975201,4
1585018800,976226,28
1585020600,976228,29
1585024500,990011,5
1585035900,990030,4
1585044900,990463,23
1585087200,991283,12
1585107300,991305,16
1585119900,991320,7
1585127100,991497,4
1585128900,993197,5
1585131000,1000000,1
1585141800,992015,1
1585175100,998001,2
1585184100,1000000,1
1585185900,998032,64
1585187700,998001,63
1585218900,993217,7
1585220700,994655,10
1585222500,998010,3
1585265400,996000,2
1585267200,996142,7
1585269000,996111,9
1585270800,996000,4
1585302000,996164,5
1585305900,999001,1
1585377600,997279,16
1585379400,996557,17
1585381200,985011,1
1585385100,985014,8
1585410900,1000000,1
1585412700,998715,2
1585414500,997431,1
1585434300,997000,3
1585445400,996890,1
1585487400,992115,1
1585498200,993844,1
1585516200,1000000,1
1585525200,993865,10
1585554900,993881,1
1585608300,994293,2
1585615500,994170,8
1585630200,994151,67
1585632300,994110,78
1585634100,993862,14
1585647000,994514,13
1585649100,996503,24
1585650900,998931,23
1585652700,999001,29
1585680000,999999,1
1585705500,999001,169
1585711200,996156,5
1585744500,1045874,1
1585753500,995160,3
1585797300,995352,5
1585803000,995840,15
1585804800,995860,16
1585806600,996166,1
1585812000,996171,3
1585815600,996663,8
1585826700,996195,2
1585892400,996704,7
1585913100,996720,5
1585914900,996735,10
1585917000,996756,14
1585918800,996759,12
1585935000,996699,2
1585938900,996704,1
1585940700,997352,2
1585942500,998001,1
1585982700,994144,4
1585997400,1046752,1
1586040900,998001,9
1586071800,996906,12
1586148000,999404,1
1586171700,997000,1
1586177100,993886,14
1586181000,995034,15
1586182800,996730,2
1586239200,999404,1
1586279400,999652,2
1586281200,999404,1
1586288400,999900,2
1586306700,999876,72
1586332500,996249,5
1586345100,996590,11
1586346900,1000000,1
1586348700,1046041,1
1586367600,998006,26
1586369400,998008,33
1586371200,998015,7
1586407500,1044997,1
1586422200,1000000,1
1586434800,1039998,2
1586478300,982835,9
1586480100,977249,13
1586481900,965590,9
1586483700,974539,8
1586485500,988239,3
1586548500,1000000,1
1586550300,1003501,8
1586552100,994891,9
1586553900,966293,15
1586555700,964708,29
1586557500,963315,24
1586559300,963929,8
1586562900,965202,3
1586564700,969924,12
1586566500,971498,9
1586571900,963005,30
1586573700,963014,32
1586575500,963160,2
1586579100,963175,2
1586586300,966024,3
1586620500,1022000,1
1586622300,984682,3
1586624100,966024,2
1586635200,998021,15
1586638800,998035,18
1586640600,998050,11
1586651400,995501,7
1586731500,1209755,1
1586738700,1014699,3
1586865000,996973,1
1586879700,1000000,1
1586888700,999000,2
1586910300,953374,8
1586915700,956206,1
1586939400,999111,2
1586990100,999006,6
1587005100,999671,3
1587006900,999502,4
1587008700,999005,2
1587014100,1000000,1
1587054900,999500,2
1587069300,999396,90
1587087600,992126,1
1587089400,994986,10
1587091200,995304,9
1587096600,993253,15
1587098400,993513,31
1587100500,993757,16
1587104100,993160,13
1587116700,995000,1
1587118500,994458,2
1587120300,993916,1
1587167700,962617,3
1587169500,919012,34
1587171300,914792,31
1587174900,945655,4
1587176700,945930,8
1587178500,946262,10
1587180300,946300,6
1587185700,946525,4
1587189300,970820,13
1587191100,963722,25
1587192900,969738,27
1587194700,979821,16
1587196500,966581,1
1587200400,976299,6
1587207600,981254,8
1587209400,981263,18
1587211200,981271,10
1587214800,1000000,1
1587220200,984546,1
1587251100,991209,4
1587260100,991219,6
1587269400,995767,15
1587311100,1143192,1
1587312900,998494,334
1587314700,998061,348
1587316500,999721,16
1587318300,1024338,1
1587321900,998100,1
1587323700,1006065,2
1587325500,999201,17
1587327300,998275,16
1587332700,992468,10
1587334500,992482,18
1587336300,992500,8
1587339900,999994,1
1587365700,992550,9
1587382200,992770,2
1587384000,992790,6
1587385800,995938,20
1587387600,996866,18
1587389400,998010,2
1587416700,996255,2
1587425700,992044,2
1587452700,994681,8
1587476700,996255,1
1587513000,992444,1
1587528000,1094111,1
1587539400,992444,19
1587541200,992527,21
1587543000,993036,3
1587544800,992460,1
1587559500,992656,40
1587574200,998063,8
1587581400,1090000,1
1587588600,998993,1
1587599700,999000,5
1587625500,999005,10
1587642300,999802,32
1587655200,1000000,1
1587657000,1016000,3
1587658800,1024000,2
1587684300,1005000,1
1587696900,1001177,1
1587709800,925466,4
1587711600,996148,1
1587713400,994611,4
1587715200,973335,9
1587717000,956327,10
1587718800,956339,5
1587724500,946388,2
1587726300,964766,18
1587728100,967063,16
1587737400,953554,26
1587739200,973838,48
1587741000,991174,26
1587742800,958119,6
1587744600,986666,3
1587746400,999668,3
1587748200,969897,8
1587750000,967353,7
1587751800,981301,1
1587777300,982172,11
1587786600,983874,84
1587788400,982859,26
1587790200,982536,7
1587792000,982399,33
1587793800,982468,38
1587795600,983179,18
1587797400,983277,13
1587799200,983506,2
1587801300,983530,9
1587803100,983538,7
1587812400,984075,8
1587816000,992277,2
1587821400,984589,1
1587828900,1135180,1
1587830700,991143,23
1587832500,987995,29
1587834300,993656,16
1587836100,991214,14
1587841500,984625,2
1587843300,984669,10
1587845100,984680,8
1587876000,984681,22
1587878100,984690,11
1587879900,984693,10
1587881700,984700,6
1587885300,984705,9
1587896400,985076,1
1587903900,985084,12
1587905700,985093,13
1587909300,988247,6
1587911100,987812,7
1587912900,985120,11
1587929400,987203,8
1587931200,990675,2
1587965700,994144,3
1587982500,994160,2
1587995100,994169,4
1587996900,994172,3
1588002300,994173,15
1588004100,994178,21
1588005900,994192,10
1588007700,994194,3
1588027800,999000,1
1588049400,996838,1
1588095300,994763,1
1588164600,985765,16
1588166400,972517,2
1588179000,993809,13
1588180800,992802,24
1588182600,991822,15
1588184400,992399,4
1588204500,990091,74
1588248000,991115,7
1588253400,992225,8
1588255200,994076,3
1588266300,993043,4
1588268100,993057,11
1588269900,993065,7
1588289700,993077,8
1588324200,993105,1
1588326000,993113,6
1588327800,993126,7
1588329600,993155,2
1588333200,993185,5
1588375200,993619,7
1588377000,996501,28
1588378800,996847,25
1588380600,993619,9
1588420500,993620,86
1588424100,993636,5
1588435200,993640,64
1588437000,993643,67
1588438800,993695,3
1588444200,993851,5
1588446000,993801,11
1588448100,993767,9
1588449900,993784,10
1588455300,993790,7
1588457100,994736,8
1588458900,995678,4
1588466100,994238,3
1588475400,998079,3
1588477200,996542,5
1588479000,994238,5
1588508400,997119,4
1588526700,1000000,1
1588557600,999900,2
1588559400,999800,1
1588592700,993960,3
1588605300,993981,9
1588610700,993983,4
1588612500,994008,15
1588614300,994028,15
1588616100,994150,8
1588617900,994243,26
1588626900,994513,14
1588628700,994794,22
1588630500,995417,12
1588632300,995621,4
1588634400,994162,3
1588647300,994243,2
1588698900,995422,1
1588700700,995838,11
1588702500,995422,14
1588704300,995472,6
1588706100,995727,1
1588709700,995422,3
1588715100,1000000,2
1588716900,998483,3
1588718700,995451,1
1588727700,995440,1
1588733400,995445,1
1588735200,995448,3
1588737000,995451,3
1588738800,995455,1
1588804500,996675,6
1588806300,996276,15
1588808100,996010,9
1588809900,996011,32
1588811700,996012,35
1588813500,996020,3
1588828200,1000000,1
1588839000,996020,115
1588850100,996025,1
1588851900,996037,5
1588853700,996040,16
1588869900,996050,14
1588871700,1009871,22
1588873500,1019445,13
1588875300,996066,9
1588886400,998193,2
1588900800,996386,3
1588908000,996370,7
1588924500,1000000,1
1588941000,999000,2
1588960800,1046205,1
1588964400,1032997,2
1588973400,1000000,1
1588980900,998000,62
1588982700,988619,76
1588984500,933614,25
1588986300,952709,19
1588988100,983452,12
1588989900,993393,14
1588991700,986904,24
1588993500,986439,20
1588995300,995059,10
1589035500,996000,1
1589069400,995497,1
1589074800,995488,6
1589076600,995489,21
1589079000,995490,39
1589084700,995510,25
1589086500,995511,24
1589088300,995490,17
1589091900,995647,16
1589093700,998699,5
1589095500,1000000,3
1589135700,995565,1
1589153700,996001,8
1589168400,1045344,1
1589204700,999000,1
1589222700,997751,1
1589266200,996003,1
1589277000,996102,17
1589278800,996133,13
1589280600,996003,3
1589304300,1000000,1
1589316900,995402,12
1589318700,995196,30
1589320500,995060,37
1589346000,995064,3
1589371500,995229,1
1589380500,995071,6
1589382300,995134,10
1589384400,995229,26
1589408100,995230,79
1589409900,995240,20
1589411700,995241,11
1589415300,995240,71
1589480700,999499,2
1589493300,996000,1
1589502300,995506,3
1589504100,995507,12
1589505900,995508,9
1589531400,995509,29
1589538900,995516,38
1589540700,995564,47
1589542500,995960,30
1589565900,998000,1
1589582100,996280,42
1589583900,997430,43
1589585700,1045756,1
1589607600,911835,19
1589609400,918532,49
1589611200,918409,20
1589613000,972796,2
1589661900,995591,1
1589667300,986184,2
1589670900,975322,18
1589676300,977916,61
1589678100,977869,62
1589679900,981012,19
1589681700,981345,18
1589694300,990000,1
1589703600,995585,19
1589705400,994706,20
1589707200,978010,1
1589725500,1000000,1
1589730900,985000,1
1589745300,997000,1
1589763300,987742,12
1589770500,987750,14
1589774100,997996,1
1589792400,987761,30
1589797800,987916,23
1589814300,988018,30
1589816100,991000,1
1589817900,987916,24
1589823300,990510,7
1589856000,987997,14
1589857800,988016,29
1589859600,988035,21
1589866800,988772,8
1589879400,988782,15
1589883300,988932,2
1589888700,988934,3
1589890500,988936,7
1589892300,988938,7
1589895900,991703,8
1589899500,988938,5
1589901300,988939,10
1589903100,988946,20
1589904900,988950,28
1589908500,988953,6
1589910300,988959,8
1589912100,988969,15
1589915700,988971,42
1589921100,1038210,1
1589941200,989045,3
1589959200,989498,28
1589961000,989430,33
1589962800,989051,5
1589981100,989055,2
1589982900,990221,10
1589984700,990513,8
1589986500,1000000,1
1589988600,989552,22
1589990400,989055,21
1589994000,989485,3
1589995800,989495,5
1589997600,989994,10
1589999400,989914,12
1590001200,989510,4
1590012000,990754,3
1590051900,991239,17
1590053700,992817,4
1590055500,992090,10
1590064800,993672,5
1590066600,992617,15
1590068400,992090,15
1590073800,992091,15
1590075600,992100,9
1590077400,992102,6
1590079200,992116,1
1590084600,992127,5
1590131700,992503,5
1590135300,992155,9
1590144300,993603,6
1590146100,993024,10
1590147900,992203,9
1590149700,992198,10
1590151500,992155,6
1590160800,1000000,1
1590184200,993032,6
1590198900,1094331,1
1590216900,977026,1
1590218700,985192,8
1590222300,977029,6
1590224100,979362,7
1590225900,985194,2
1590253200,999999,2
1590278700,982239,12
1590307500,980016,30
1590309300,980849,32
1590311100,993359,2
1590447000,993428,5
1590454200,993568,6
1590502200,993685,1
1590513300,998195,11
1590515100,1001953,6
1590516900,993705,2
1590542100,993708,16
1590547500,994001,11
1590571500,1000000,1
1590588000,995060,4
1590611700,995066,19
1590613500,995076,8
1590629700,1039999,2
1590637200,995092,1
1590653700,995146,1
1590679500,997706,1
1590692100,997106,5
1590693900,996372,9
1590695700,996206,17
1590723000,997706,7
1590735600,1029299,2
1590760200,1012230,2
1590763800,996340,1
1590772800,996241,1
1590854400,994952,2
1590876300,986155,1
1590878100,989504,9
1590879900,989923,8
1590883500,986162,16
1590908700,989272,39
1590912300,988987,4
1590928800,992061,26
1590979500,992155,11
1591055700,992236,2
1591137600,994286,19
1591158300,1000000,1
1591209000,1044005,2
1591214400,1003671,1
1591218000,973805,9
1591225200,949230,2
1591227000,949781,7
1591229100,950003,7
1591230900,950005,2
1591238100,976954,20
1591239900,972605,32
1591241700,965355,12
1591243500,970002,7
1591245300,972296,22
1591247100,973367,15
1591260000,970102,7
1591261800,970403,8
1591263600,972511,1
1591289400,1050000,1
1591302000,976703,30
1591303800,979099,35
1591305600,993475,5
1591307400,993482,2
1591309200,993498,35
1591311000,993499,33
1591316400,993506,12
1591320000,993512,10
1591329300,993516,34
1591331100,993519,51
1591332900,993527,25
1591334700,993532,15
1591344000,993542,10
1591398600,1150000,1
1591418400,929727,4
1591420500,953151,6
1591422300,937068,9
1591424100,916657,12
1591425900,891569,13
1591429800,987890,1
1591433400,989900,11
1591435200,990347,17
1591437000,989403,13
1591440600,987890,16
1591444200,987891,18
1591446000,987895,23
1591447800,987897,14
1591494900,993001,2
1591502100,992884,6
1591503900,971539,12
1591506000,927322,15
1591507800,914074,8
1591509600,896078,2
1591515000,957250,4
1591526100,994000,1
1591535400,992895,2
1591569900,992924,12
1591571700,992969,24
1591573500,993016,17
1591575300,993030,9
1591577100,993041,4
1591582800,999000,1
1591602900,993045,43
1591606500,993110,1
1591610400,999000,1
1591630500,999999,1
1591648500,999980,1
1591661100,993365,6
1591682700,1203624,1
1591690200,996010,1
1591702800,996015,4
1591719300,996020,5
1591722900,996022,12
1591724700,996032,7
1591726500,996035,4
1591757400,999998,1
1591783200,999999,1
1591794300,996683,2
1591808700,998000,9
1591815900,1000000,1
1591848600,993362,1
1591863300,993373,1
1591866900,996262,4
1591870800,993375,3
1591879800,995029,6
1591883400,995908,3
1591885200,996163,5
1591887000,996545,2
1591890600,988288,6
1591896000,985633,1
1591901400,986697,27
1591906800,999989,1
1591939500,989199,30
1591946700,984736,14
1591952400,986642,2
1591963200,989117,24
1591965000,996545,6
1591966800,988528,21
1591968600,988558,31
1591970700,988852,15
1591972500,989313,5
1591979700,987540,44
1591981500,987828,50
1591983300,988442,11
1591985100,989077,13
1591986900,990600,14
1592039400,1000000,1
1592043000,990793,1
1592048700,990645,22
1592050500,990644,23
1592052300,990625,1
1592055900,990668,39
1592057700,990707,57
1592059500,990793,18
1592061300,990799,18
1592068500,990803,16
1592070600,990808,18
1592072400,990810,8
1592076000,990813,24
1592077800,990815,16
1592079600,990820,11
1592086800,990819,30
1592088600,990793,3
1592121300,990968,1
1592128500,992779,5
1592136000,990975,23
1592152500,990997,8
1592154300,990999,10
1592156100,991005,2
1592161500,991018,6
1592163300,991025,7
1592175900,991026,3
1592207100,991027,101
1592261700,991344,5
1592352300,991160,18
1592392500,999000,1
1592443200,991644,1
1592465100,999000,1
1592508900,995000,1
1592519700,992029,5
1592521500,991829,7
1592523300,995164,4
1592525100,999000,2
1592526900,954680,9
1592528700,958415,10
1592530800,992035,1
1592547000,999000,1
1592561700,992055,4
1592570700,992057,4
1592581500,992060,40
1592590500,1041226,1
1592598000,992073,18
1592617800,977536,1
1592643000,978222,11
1592644800,978042,15
1592646600,977545,4
1592652300,977599,16
1592668500,978690,11
1592670300,979423,25
1592672100,980000,22
1592737800,980169,14
1592745300,980101,24
1592747100,980115,30
1592748900,980151,9
1592750700,980317,9
1592752500,980421,6
1592754300,980116,8
1592756100,980325,9
1592757900,982000,1
1592763300,982006,11
1592765100,982025,10
1592779800,985005,2
1592831100,985015,4
1592832900,986377,11
1592834700,986888,8
1592836500,985015,1
1592840100,985041,28
1592841900,986162,15
1592843700,986339,13
1592845500,985201,29
1592849100,985401,18
1592850900,985426,16
1592852700,987003,28
1592858100,987005,8
1592881800,987006,9
1592883600,987008,5
1592885400,987020,16
1592941800,999000,3
1592958300,992110,20
1593045900,994012,1
1593213600,994102,1
1593217200,994324,17
1593219300,994492,29
1593221100,994731,23
1593233700,994735,2
1593288300,994831,6
1593290100,994810,8
1593291900,994747,2
1593293700,994783,7
1593300900,995000,44
1593306600,994999,6
1593312000,1000000,1
1593313800,998371,3
1593315600,997557,2
1593319200,994999,2
1593323100,1044748,1
1593326700,994999,2
1593328500,997499,4
1593330300,988099,13
1593332100,984605,18
1593333900,982515,41
1593354000,994815,1
1593384900,995402,3
1593405000,997300,2
1593465300,996015,3
1593476100,996028,16
1593477900,996031,16
1593481500,996035,8
1593483600,996040,17
1593485400,996047,8
1593499800,996554,3
1593522000,1704439,1
1593556500,998505,2
1593576300,998021,1
1593639600,999036,5
1593645300,999037,5
1593648900,999040,19
1593676200,950507,8
1593718200,975550,1
1593738000,999218,18
1593773100,964777,7
1593776700,951001,30
1593778500,951731,33
1593780300,951001,1
1593841800,990008,21
1593851100,990011,24
1593862200,998000,1
1593903900,980902,11
1593913200,971399,11
1593915000,972882,19
1593916800,976098,11
1593918600,979233,3
1593944100,976236,47
1593951300,975010,16
1593998400,998005,1
1594005600,998010,1
1594029900,998003,2
1594038900,996405,4
1594060500,1046539,1
1594091700,998019,1
1594104300,998011,2
1594119300,996811,1
1594130400,997876,3
1594132200,996814,2
1594139400,998000,1
1594141200,998001,5
1594143000,998002,4
1594144800,998009,8
1594150200,998051,75
1594184700,998064,22
1594195500,998070,2
1594215900,998073,31
1594217700,998076,17
1594222800,998142,1
1594228200,998096,16
1594229400,998117,30
1594229700,998096,16
1594230000,998122,38
1594230900,998117,30
1594231200,998122,38
1594231800,998142,22
1594232700,998122,38
1594233300,998142,6
1594262400,1000000,2
1594273200,970008,2
1594280700,972190,34
1594282500,982372,6
1594333500,990087,4
1594338900,982016,2
1594378800,993610,2
1594399500,993621,1
1594410300,1036211,1
1594455900,950000,17
1594457700,952048,18
1594459500,986868,1
1594510200,984010,2
1594542900,987514,3
1594561200,997000,1
1594623300,1030000,1
1594643400,993001,1
1594661400,993013,21
1594688400,1000000,1
1594694100,999790,1
1594717500,994715,7
1594734000,994720,17
1594757400,994722,3
1594759200,994725,11
1594761000,994727,8
1594824300,995075,5
1594894800,991518,2
1594896600,990347,3
1594898400,988005,2
1594902000,995032,4
1594903800,990815,10
1594905600,988005,13
1594907400,991079,16
1594909200,992581,12
1594911000,989915,3
1594912800,992378,10
1594918200,988949,13
1594920000,988882,14
1594921800,988005,3
1594941600,991154,7
1594943400,991677,9
1594945200,993508,2
1595027400,1030000,1
1595201100,994154,8
1595324700,1266666,3
1595337300,1000218,6
1595339100,1000188,7
1595340900,1000007,1
1595349900,997003,4
1595388000,996888,4
1595399100,996478,1
1595448900,997067,6
1595456100,997653,5
1595457900,1000000,1
1595463300,997110,10
1595477700,997111,13
1595479500,997113,16
1595481300,997125,3
1595503200,1000000,1
1595505000,998562,2
1595506800,997125,1
1595520900,997484,1
1595574900,919599,4
1595576700,931891,7
1595578500,916246,9
1595580300,920178,9
1595582100,960076,3
1595586000,902486,21
1595587800,906377,23
1595589600,947235,2
1595591400,953501,5
1595593200,966842,27
1595595000,969874,22
1595595300,977514,15
1595597100,959944,11
1595598900,959029,22
1595600700,962048,28
1595602200,964032,18
1595603400,966506,13
1595604300,959586,30
1595605200,959743,25
1595612400,958383,26
1595614200,959447,34
1595616000,959728,17
1595617800,959571,14
1595619600,964372,5
1595626800,959309,34
1595659500,995168,1
1595750400,995177,20
1595791200,1000000,1
1595809500,973925,3
1595811300,976111,5
1595813100,979391,2
1595882100,984999,1
1595898600,1000000,1
1595904000,1100000,1
1595913000,1009550,1
1595989200,994060,1
1596061500,999990,1
1596081300,995120,13
1596099900,994586,2
1596133800,992725,11
1596166500,993567,18
1596168300,993359,23
1596170100,992610,5
1596188700,961102,13
1596194100,951000,4
1596217800,971037,11
1596219600,978552,8
1596235800,978101,1
1596250500,961355,70
1596254100,952005,14
1596255900,957642,22
1596257700,967506,8
1596261300,957004,2
1596263100,970684,19
1596264900,969292,24
1596266700,962003,12
1596299700,1004474,1
1596305100,962003,16
1596315900,963335,27
1596317700,965601,10
1596355800,1010103,1
1596359700,1000000,2
1596410400,965093,1
1596435600,965158,16
1596437400,965614,2
1596439500,965238,17
1596445200,966121,22
1596565200,1014592,1
1596610200,971946,9
1596614100,971991,16
1596667200,973156,5
1596685500,999000,1
1596694500,945136,9
1596696300,944372,10
1596698100,937498,1
1596699900,930747,15
1596703500,950006,3
1596707100,954894,9
1596708900,956082,11
1596710700,952866,8
1596712500,950013,7
1596713100,950015,5
1596714000,950013,7
1596714300,950015,5
1596716400,965001,5
1596721800,965023,4
1596729000,965055,1
1596730800,968370,3
1596732600,972514,4
1596734400,975001,3
1596738000,1000000,1
1596745500,988668,3
1596747300,983003,1
1596791700,985015,1
1596799800,985020,2
1596800100,985015,1
1596800700,985023,5
1596802500,985025,4
1596806100,985515,2
1596807900,986006,9
1596825300,988006,6
1596827700,992006,3
1596857700,1000000,1
1596913500,998000,1
1596933600,992018,13
1596975600,995028,2
1596988200,995031,9
1596990000,995035,9
1596999300,995036,11
1597002900,998000,1
1597008300,995036,17
1597015500,998000,1
1597068300,996098,1
1597071900,995888,1
1597104000,995612,5
1597105800,995378,18
1597107900,995288,14
1597137000,996098,1
1597182900,995466,1
1597188300,1045237,1
1597190100,1000996,9
1597191900,995521,16
1597193700,995576,10
1597197300,1000000,1
1597369500,996014,4
1597373100,996056,4
1597508700,994300,16
1597604400,994364,6
1597633800,994367,7
1597635600,994370,4
1597716000,996002,13
1597739100,996005,29
1597753800,998000,1
1597789800,996010,26
1597794000,996015,1
1597810200,996121,6
1597827000,996506,1
1597893600,994015,1
1597911900,969910,1
1597970100,937565,33
1597979400,944028,5
1597999200,993860,5
1598009400,993680,2
1598011200,992453,3
1598013000,990000,1
1598032800,1028101,1
1598053800,1000000,1
1598064600,998000,1
1598136600,1027885,1
1598143800,999510,1
1598156400,1013792,2
1598187000,998000,1
1598220600,991935,1
1598235000,994430,1
1598276700,1000000,1
1598386500,1040934,1
1598409900,999000,1
1598516400,995678,1
1598615100,1000000,1
1598691900,957987,2
1598704800,959692,7
1598715900,951825,28
1598717700,952308,33
1598719500,955017,8
1598822100,1000000,1
1598877600,999790,1
1598879400,999685,2
1598881200,999580,1
1598965500,996000,1
1598967300,996010,2
1598969100,996020,1
1599065400,996585,2
1599083400,996593,10
1599238200,997507,1
1599270300,997487,21
1599357000,993181,3
1599431100,995003,8
1599452700,995001,14
1599508200,995021,3
1599512700,995031,28
1599521700,995054,20
1599523800,995062,20
1599557400,995073,7
1599586200,995441,1
1599589800,995073,4
1599593400,995441,8
1599614100,995443,4
1599615900,995450,1
1599623100,995461,15
1599624900,995469,28
1599626700,995478,13
1599639600,995480,46
1599641400,995487,14
1599649800,1020000,1
1599658800,995552,5
1599681000,995814,28
1599766200,996119,1
1599828000,998000,2
1599837300,1090000,1
1599865200,1000000,2
1599868800,998000,224
1599883200,1010000,1
1599897600,998000,102
1599987300,998634,13
1600164600,998000,52
1600175700,948124,1
1600197000,960000,1
1600212300,998025,1
1600215900,952460,1
1600217700,990603,16
1600219500,993146,15
1600227900,980000,1
1600240800,997480,10
1600244400,968500,1
1600248300,994812,10
1600266300,981192,11
1600269900,980985,1
1600449300,995068,1
1600557900,996122,15
1600588800,996135,130
1600592400,996143,1
1600828500,998013,200
1600883700,982637,1
1600923900,983962,14
1600953600,982806,42
1600967700,995011,7
1601048400,995026,11
1601062800,995710,10
1601064600,995819,16
1601066400,996001,13
1601088000,996031,33
1601089800,997001,1
1601122500,997006,1
1601127900,997010,24
1601137200,997012,25
1601139000,997015,35
1601140800,997023,11
1601142600,997024,4
1601144400,997025,12
1601153400,997031,16
1601516700,997983,14
1601518500,995936,1
1601531100,998141,1
1601574600,997500,72
1601586900,997502,59
1601597700,997508,65
1601626800,997557,15
1601661900,998027,10
1601667300,997508,44
1601694600,995420,3
1601712600,996330,2
1601753100,980001,2
1601848200,981254,34
1601850300,990583,4
1601873700,980030,28
1601884500,990600,11
1601886600,990602,17
1601888400,990606,6
1601940300,990629,28
1602029700,995020,143
1602090600,995167,1
1602202800,995020,184
1602287700,995290,196
1602325500,995924,2
1602328500,973412,4
1602336600,950900,31
1602341400,957935,32
1602349200,1045720,1
1602378900,960013,1
1602498000,996008,1
1602507000,996011,1
1602532200,996012,65
1602722100,996051,10
1602780600,996079,1
1602793200,1045882,1
1602800400,1004435,1
1602809400,1000000,2
1602887400,996636,2
1602963300,971001,12
1602965100,973746,18
1602966900,973907,17
1602968700,971001,18
1602970500,971003,12
1602972600,971005,5
1602976200,971828,30
1602996000,1045100,1
1603023300,995710,2
1603032300,995720,1
1603119900,996008,5
1603125300,996237,1
1603153500,996010,97
1603194000,996238,5
1603201200,996240,1
1603346400,996663,1
1603390200,996259,7
1603524000,996011,15
1603742700,1000000,1
1603749900,996607,28
1603778100,998007,29
1603870200,998008,46
1603944900,998935,6
1604045100,997855,9
1604046900,996505,4
1604137500,996509,32
1604214300,991286,1
1604219700,976006,4
1604239800,976010,10
1604326800,990002,19
1604399400,995101,1
1604417400,995102,8
1604506200,995115,1
1604571300,995481,10
1604619300,992675,3
1604621100,991354,6
1604621400,992675,3
1604621700,991354,6
1604623200,990033,3
1604685600,992339,6
1604694600,990046,25
1604766900,990068,1
1604852700,991628,9
1604859900,990082,12
1605011700,998000,1
1605103800,993488,3
1605130800,985091,3
1605161400,973397,3
1605165300,966943,4
1605222900,956666,1
1605230400,954038,5
1605283500,1000000,1
1605318000,956476,4
1605324000,950112,10
1605333000,951172,16
1605334200,950962,20
1605335100,950885,22
1605335400,950962,20
1605336300,950119,6
1605338100,950121,1
1605383400,963722,8
1605446700,961237,15
1605519000,968506,2
1605667800,985147,6
1605675000,985212,3
1605695400,985236,2
1605700800,985317,7
1605702900,985426,3
1605741300,985618,5
1605741600,985649,6
1605741900,985618,5
1605742800,985649,6
1605743400,985804,4
1605743700,985649,6
1605744000,985804,4
1605744300,985649,6
1605744600,985804,4
1605788400,985856,9
1606050000,999449,3
1606051800,992847,6
1606053600,986246,3
1606094700,987449,1
1606313700,986714,2
1606506900,988126,2
1606516200,998000,2
1606571400,988526,1
1606650000,988517,2
1607116200,992407,3
1607220300,992954,5
1607222100,992803,6
1607223900,992050,1
1607293200,993091,4
1607650500,992188,8
1607841000,992274,2
1608553800,1000000,1
1609058700,991518,2
1609123800,961890,62
1609278600,984330,7
1609280400,979343,9
1609282200,969338,4
1609284000,976787,2
1609345500,961890,12
1609351200,984560,14
1609391100,1000000,1
1609436400,990007,1
1609700700,990920,1
1609813200,990775,4
1609818600,990783,3
1609825800,990801,3
1610225400,992217,1
1610593500,990000,1
1610607900,963501,1
1610711100,964851,2
1610712900,968236,3
1610714700,975006,2
1611174300,1033720,1
1611417600,986706,1
1611447300,986711,10
1611773100,988474,1
1611884100,988055,1
1612186500,988753,3
1612232700,990006,9
1612498800,991282,1
1612962600,970443,6
1612964400,925928,12
1612967100,819579,7
1612968900,827924,6
1613010600,992797,16
1613052000,944764,7
1613053800,959302,18
1613055600,968555,11
1613059200,944987,2
1613070000,968555,2